Model,MSE
Random Forest,0.15447743692535562
Gradient Boosting,0.16186823902864125
Support Vector Machine,0.16016691031348818
Ensemble,0.13457004253929247
